Active Weekly Options Summary as of 08/20/2014, , , , , 

      ,Weekly Options Summary for 08/29/2014 Expiration,          ,,      ,Weekly Options Summary for 08/22/2014 Expiration,          
SYMBOL,OPTION NAME,EFFECTIVE DATE,,SYMBOL,OPTION NAME,EFFECTIVE DATE
AA    ,ALCOA  INC                                        ,08/04/2011,,AA    ,ALCOA  INC                                        ,08/04/2011
AAL   ,AMERICAN AIRLINES GROUP  INC.                     ,12/18/2013,,AAL   ,AMERICAN AIRLINES GROUP  INC.                     ,12/18/2013
AAPL  ,APPLE INC                                         ,06/25/2010,,AAPL  ,APPLE INC                                         ,06/25/2010
AAPL7 ,APPLE  INC. (10-SHARE MINI OPTION)                ,03/18/2013,,AAPL7 ,APPLE  INC. (10-SHARE MINI OPTION)                ,03/18/2013
ABX   ,BARRICK GOLD CORP                                 ,10/06/2011,,ABX   ,BARRICK GOLD CORP                                 ,10/06/2011
ACN   ,ACCENTURE PLC                                     ,04/16/2012,,ACN   ,ACCENTURE PLC                                     ,04/16/2012
ACT   ,ACTAVIS PLC.                                      ,07/14/2014,,ACT   ,ACTAVIS PLC.                                      ,07/14/2014
ADM   ,ARCHER DANIELS MIDLAND CO                         ,11/25/2013,,ADM   ,ARCHER DANIELS MIDLAND CO                         ,11/25/2013
AET   ,AETNA  INC.                                       ,05/29/2012,,AET   ,AETNA  INC.                                       ,05/29/2012
AFSI  ,AMTRUST FINANCIAL SERVICES  INC.                  ,01/29/2014,,AFSI  ,AMTRUST FINANCIAL SERVICES  INC.                  ,01/29/2014
AGN   ,ALLERGAN  INC.                                    ,05/27/2014,,AGN   ,ALLERGAN  INC.                                    ,05/27/2014
AGNC  ,AMERICAN CAPITAL AGENCY CORPORATION               ,07/15/2013,,AGNC  ,AMERICAN CAPITAL AGENCY CORPORATION               ,07/15/2013
AGQ   ,PROSHARES ULTRA SILVER                            ,02/25/2013,,AGQ   ,PROSHARES ULTRA SILVER                            ,02/25/2013
AGU   ,AGRIUM INC.                                       ,09/04/2013,,AGU   ,AGRIUM INC.                                       ,09/04/2013
AIG   ,AMERICAN INTERNATIONAL GROUP                      ,12/23/2010,,AIG   ,AMERICAN INTERNATIONAL GROUP                      ,12/23/2010
AKAM  ,AKAMAI TECHNOLOGIES  INC                          ,12/04/2013,,AKAM  ,AKAMAI TECHNOLOGIES  INC                          ,12/04/2013
AKS   ,AK STEEL HOLDING CORP.                            ,03/26/2014,,AKS   ,AK STEEL HOLDING CORP.                            ,03/26/2014
ALXN  ,ALEXION PHARM                                     ,09/04/2013,,ALXN  ,ALEXION PHARM                                     ,09/04/2013
AMAT  ,APPLIED MATERIALS  INC.                           ,07/22/2014,,AMAT  ,APPLIED MATERIALS  INC.                           ,07/22/2014
AMBA  ,AMBARELLA INC                                     ,06/09/2014,,AMBA  ,AMBARELLA INC                                     ,06/09/2014
AMD   ,ADVANCED MICRO-DEVICES                            ,08/28/2013,,AMD   ,ADVANCED MICRO-DEVICES                            ,08/28/2013
AMGN  ,AMGEN                                             ,09/04/2013,,AMGN  ,AMGEN                                             ,09/04/2013
AMRN  ,AMARIN CORP. PLC                                  ,07/25/2012,,AMRN  ,AMARIN CORP. PLC                                  ,07/25/2012
AMT   ,AMERICAN TOWER CL A                               ,09/04/2013,,AMT   ,AMERICAN TOWER CL A                               ,09/04/2013
AMZN  ,AMAZON COM                                        ,07/15/2010,,AMZN  ,AMAZON COM                                        ,07/15/2010
AMZN7 ,AMAZON.COM INC. (10-SHARE MINI OPTION)            ,03/18/2013,,AMZN7 ,AMAZON.COM INC. (10-SHARE MINI OPTION)            ,03/18/2013
ANF   ,ABERCROMBIE & FITCH CO                            ,12/13/2011,,ANF   ,ABERCROMBIE & FITCH CO                            ,12/13/2011
ANR   ,ALPHA NATURAL RESOURCES INC                       ,02/13/2012,,ANR   ,ALPHA NATURAL RESOURCES INC                       ,02/13/2012
AOL   ,AOL INC.                                          ,03/17/2014,,AOL   ,AOL INC.                                          ,03/17/2014
APA   ,APACHE CORP                                       ,12/13/2011,,APA   ,APACHE CORP                                       ,12/13/2011
APC   ,ANADARKO PETROLEUM CORPORATION                    ,02/13/2012,,APC   ,ANADARKO PETROLEUM CORPORATION                    ,02/13/2012
APOL  ,APOLLO EDUCATION GROUP  INC. CLASS A COMMON STOCK ,01/25/2012,,APOL  ,APOLLO EDUCATION GROUP  INC. CLASS A COMMON STOCK ,01/25/2012
ARIA  ,ARIAD PHARMA                                      ,01/07/2014,,ARIA  ,ARIAD PHARMA                                      ,01/07/2014
ARNA  ,ARENA PHARMACEUTICALS INC                         ,06/19/2012,,ARNA  ,ARENA PHARMACEUTICALS INC                         ,06/19/2012
ATHN  ,ATHENAHEALTH  INC.                                ,04/08/2014,,ATHN  ,ATHENAHEALTH  INC.                                ,04/08/2014
ATVI  ,ACTIVISION BLIZZARD  INC.                         ,09/04/2013,,ATVI  ,ACTIVISION BLIZZARD  INC.                         ,09/04/2013
AVP   ,AVON PRODUCTS                                     ,04/09/2014,,AVP   ,AVON PRODUCTS                                     ,04/09/2014
AXP   ,AMERICAN EXPRESS                                  ,12/23/2010,,AXP   ,AMERICAN EXPRESS                                  ,12/23/2010
AZN   ,ASTRAZENECA PLC                                   ,05/27/2014,,AZN   ,ASTRAZENECA PLC                                   ,05/27/2014
BA    ,BOEING CO                                         ,10/06/2011,,BA    ,BOEING CO                                         ,10/06/2011
BAC   ,BANK OF AMERICA CORP.                             ,06/25/2010,,BAC   ,BANK OF AMERICA CORP.                             ,06/25/2010
BAX   ,BAXTER INTERNATIONAL INC.                         ,04/16/2012,,BAX   ,BAXTER INTERNATIONAL INC.                         ,04/16/2012
BBBY  ,BED BATH & BEYOND INC.                            ,03/10/2014,,BBBY  ,BED BATH & BEYOND INC.                            ,03/10/2014
BBRY  ,BLACKBERRY LIMITED                                ,02/05/2013,,BBRY  ,BLACKBERRY LIMITED                                ,02/05/2013
BBY   ,BEST BUY CO. INC.                                 ,01/14/2013,,BBY   ,BEST BUY CO. INC.                                 ,01/14/2013
BHI   ,BAKER HUGHES INC                                  ,12/18/2013,,BHI   ,BAKER HUGHES INC                                  ,12/18/2013
BIDU  ,BAIDU INC                                         ,12/16/2010,,BIDU  ,BAIDU INC                                         ,12/16/2010
BIIB  ,BIOGEN IDEC INC.                                  ,07/15/2013,,BIIB  ,BIOGEN IDEC INC.                                  ,07/15/2013
BK    ,THE BANK OF NEW YORK MELLON CORPORATION           ,02/13/2013,,BK    ,THE BANK OF NEW YORK MELLON CORPORATION           ,02/13/2013
BMY   ,BRISTOL-MYERS SQUIBB COMPANY                      ,01/30/2012,,BMY   ,BRISTOL-MYERS SQUIBB COMPANY                      ,01/30/2012
BP    ,BP PLC                                            ,06/25/2010,,BP    ,BP PLC                                            ,06/25/2010
BRCM  ,BROADCOM CORP.                                    ,05/21/2013,,BRCM  ,BROADCOM CORP.                                    ,05/21/2013
BTU   ,PEABODY ENERGY CORPORATION                        ,09/04/2013,,BTU   ,PEABODY ENERGY CORPORATION                        ,09/04/2013
BX    ,THE BLACKSTONE GROUP LP                           ,07/08/2013,,BX    ,THE BLACKSTONE GROUP LP                           ,07/08/2013
C     ,CITIGROUP INC                                     ,06/25/2010,,C     ,CITIGROUP INC                                     ,06/25/2010
CAT   ,CATERPILLAR INC                                   ,02/17/2011,,CAT   ,CATERPILLAR INC                                   ,02/17/2011
CBS   ,CBS CORPORATION CL B                              ,01/07/2014,,CBS   ,CBS CORPORATION CL B                              ,01/07/2014
CBSO  ,CBS OUTDOOR AMERICAS INC.                         ,06/25/2014,,CBSO  ,CBS OUTDOOR AMERICAS INC.                         ,06/25/2014
CCJ   ,CAMECO CORPORATION                                ,06/09/2014,,CCJ   ,CAMECO CORPORATION                                ,06/09/2014
CDD   ,ISE FX CANADIAN DOLLAR                            ,12/31/2013,,CDD   ,ISE FX CANADIAN DOLLAR                            ,12/31/2013
CELG  ,CELGENE CORP.                                     ,04/29/2013,,CELG  ,CELGENE CORP.                                     ,04/29/2013
CF    ,CF INDUSTRIES HOLDINGS INC                        ,12/13/2011,,CF    ,CF INDUSTRIES HOLDINGS INC                        ,12/13/2011
CHK   ,CHESAPEAKE ENERGY CORP.                           ,01/30/2012,,CHK   ,CHESAPEAKE ENERGY CORP.                           ,01/30/2012
CL    ,COLGATE PALMOLIVE                                 ,04/16/2013,,CL    ,COLGATE PALMOLIVE                                 ,04/16/2013
CLF   ,CLIFFS NATURAL RESOURCES INC                      ,10/06/2011,,CLF   ,CLIFFS NATURAL RESOURCES INC                      ,10/06/2011
CMCSA ,COMCAST CORPORATION CLASS                         ,01/07/2014,,CMCSA ,COMCAST CORPORATION CLASS                         ,01/07/2014
CME   ,CME GROUP INC                                     ,12/11/2013,,CME   ,CME GROUP INC                                     ,12/11/2013
CMG   ,CHIPOTLE MEXICAN GRILL INC                        ,01/25/2012,,CMG   ,CHIPOTLE MEXICAN GRILL INC                        ,01/25/2012
CMI   ,CUMMINS INC.                                      ,09/04/2013,,CMI   ,CUMMINS INC.                                      ,09/04/2013
COF   ,CAPITAL ONE FINANCIAL                             ,02/25/2013,,COF   ,CAPITAL ONE FINANCIAL                             ,02/25/2013
COH   ,COACH INC.                                        ,04/30/2013,,COH   ,COACH INC.                                        ,04/30/2013
COP   ,CONOCOPHILLIPS                                    ,12/13/2011,,COP   ,CONOCOPHILLIPS                                    ,12/13/2011
COST  ,COSTCO COMPANIES                                  ,02/25/2013,,COST  ,COSTCO COMPANIES                                  ,02/25/2013
CREE  ,CREE RESEARCH  INC.                               ,06/19/2012,,CREE  ,CREE RESEARCH  INC.                               ,06/19/2012
CRM   ,SALESFORCE COM INC                                ,09/29/2011,,CRM   ,SALESFORCE COM INC                                ,09/29/2011
CRUS  ,CIRRUS LOGIC  INC.                                ,09/04/2013,,CRUS  ,CIRRUS LOGIC  INC.                                ,09/04/2013
CSCO  ,CISCO SYSTEMS  INC.                               ,07/29/2010,,CSCO  ,CISCO SYSTEMS  INC.                               ,07/29/2010
CSIQ  ,CANADIAN SOLAR INC                                ,06/09/2014,,CSIQ  ,CANADIAN SOLAR INC                                ,06/09/2014
CTRP  ,CTRIP.COM INTERNATIONAL  LTD ADR                  ,03/17/2014,,CTRP  ,CTRIP.COM INTERNATIONAL  LTD ADR                  ,03/17/2014
CTSH  ,COGNIZANT TECH. SOLUTIONS                         ,11/06/2013,,CTSH  ,COGNIZANT TECH. SOLUTIONS                         ,11/06/2013
CVS   ,CVS CAREMARK CORP                                 ,06/09/2014,,CVS   ,CVS CAREMARK CORP                                 ,06/09/2014
CVX   ,CHEVRON  CORP                                     ,10/06/2011,,CVX   ,CHEVRON  CORP                                     ,10/06/2011
CZR   ,CAESARS ENTERTAINMENT CORPORATION                 ,12/18/2013,,CZR   ,CAESARS ENTERTAINMENT CORPORATION                 ,12/18/2013
DAL   ,DELTA AIR LINES  INC.                             ,09/04/2013,,DAL   ,DELTA AIR LINES  INC.                             ,09/04/2013
DATA  ,TABLEAU SOFTWARE INC                              ,07/14/2014,,DATA  ,TABLEAU SOFTWARE INC                              ,07/14/2014
DD    ,DUPONT                                            ,09/04/2013,,DD    ,DUPONT                                            ,09/04/2013
DDD   ,3D SYSTEMS CORP                                   ,01/29/2013,,DDD   ,3D SYSTEMS CORP                                   ,01/29/2013
DE    ,DEERE & CO                                        ,12/13/2011,,DE    ,DEERE & CO                                        ,12/13/2011
DECK  ,DECKERS OUTDOORS CORPORATION                      ,02/25/2013,,DECK  ,DECKERS OUTDOORS CORPORATION                      ,02/25/2013
DFS   ,DISCOVER FINANCIAL SERVICES                       ,06/25/2014,,DFS   ,DISCOVER FINANCIAL SERVICES                       ,06/25/2014
DG    ,DOLLAR GENERAL CORPORATION                        ,12/11/2013,,DG    ,DOLLAR GENERAL CORPORATION                        ,12/11/2013
DHI   ,D.R. HORTON INC                                   ,12/18/2013,,DHI   ,D.R. HORTON INC                                   ,12/18/2013
DIA   ,SPDR DJIA ETF TRUST                               ,08/13/2012,,DIA   ,SPDR DJIA ETF TRUST                               ,08/13/2012
DIS   ,WALT DISNEY COMPANY                               ,02/13/2013,,DIS   ,WALT DISNEY COMPANY                               ,02/13/2013
DISH  ,DISH NETWORK CORP                                 ,09/04/2013,,DISH  ,DISH NETWORK CORP                                 ,09/04/2013
DJX   ,CBOE DOW JONES INDUSTRIAL                         ,07/01/2010,,DJX   ,CBOE DOW JONES INDUSTRIAL                         ,07/01/2010
DNDN  ,DENDREON CORP.                                    ,06/19/2012,,DNDN  ,DENDREON CORP.                                    ,06/19/2012
DOW   ,DOW CHEMICAL                                      ,05/07/2013,,DOW   ,DOW CHEMICAL                                      ,05/07/2013
DRYS  ,DRY SHIPS INC                                     ,01/07/2014,,DRYS  ,DRY SHIPS INC                                     ,01/07/2014
DTV   ,DIRECTV COMMON STOCK                              ,05/27/2014,,DTV   ,DIRECTV COMMON STOCK                              ,05/27/2014
DUST  ,DIREXION DAILY GOLD MINERS BEAR 3X SHARES         ,09/04/2013,,DUST  ,DIREXION DAILY GOLD MINERS BEAR 3X SHARES         ,09/04/2013
DVN   ,DEVON ENERGY CORP.                                ,05/21/2013,,DVN   ,DEVON ENERGY CORP.                                ,05/21/2013
DXJ   ,WISDOMTREE JAPAN HEDGED EQUITY FUND               ,08/21/2013,,DXJ   ,WISDOMTREE JAPAN HEDGED EQUITY FUND               ,08/21/2013
EA    ,ELECTRONIC ARTS                                   ,10/02/2013,,EA    ,ELECTRONIC ARTS                                   ,10/02/2013
EBAY  ,EBAY INC                                          ,12/05/2012,,EBAY  ,EBAY INC                                          ,12/05/2012
EEM   ,ISHARES MSCI EMERGING MARKETS ETF                 ,06/18/2010,,EEM   ,ISHARES MSCI EMERGING MARKETS ETF                 ,06/18/2010
EFA   ,ISHARES MSCI EAFE ETF                             ,06/19/2012,,EFA   ,ISHARES MSCI EAFE ETF                             ,06/19/2012
EMC   ,EMC CORP                                          ,07/30/2012,,EMC   ,EMC CORP                                          ,07/30/2012
EOG   ,EOG RESOURCES  INC                                ,09/04/2013,,EOG   ,EOG RESOURCES  INC                                ,09/04/2013
EPI   ,WISDOMTREE INDIA EARNING FUND                     ,02/24/2014,,EPI   ,WISDOMTREE INDIA EARNING FUND                     ,02/24/2014
ESRX  ,EXPRESS SCRIPTS HOLDING COMPANY                   ,12/18/2013,,ESRX  ,EXPRESS SCRIPTS HOLDING COMPANY                   ,12/18/2013
ETFC  ,E*TRADE FINANCIAL CORPORATION                     ,04/09/2014,,ETFC  ,E*TRADE FINANCIAL CORPORATION                     ,04/09/2014
ETN   ,EATON CORPORATION  PLC                            ,09/04/2013,,ETN   ,EATON CORPORATION  PLC                            ,09/04/2013
EUU   ,ISE FX SPOT EURUSD                                ,05/14/2012,,EUU   ,ISE FX SPOT EURUSD                                ,05/14/2012
EWJ   ,ISHARES MSCI JAPAN ETF                            ,07/30/2012,,EWJ   ,ISHARES MSCI JAPAN ETF                            ,07/30/2012
EWW   ,ISHARES MSCI MEXICO CAPPED ETF                    ,12/04/2013,,EWW   ,ISHARES MSCI MEXICO CAPPED ETF                    ,12/04/2013
EWZ   ,ISHARES MSCI BRAZIL CAPPED ETF                    ,02/17/2011,,EWZ   ,ISHARES MSCI BRAZIL CAPPED ETF                    ,02/17/2011
EXPE  ,EXPEDIA  INC                                      ,12/30/2013,,EXPE  ,EXPEDIA  INC                                      ,12/30/2013
EXXI  ,ENERGY XXI (BERMUDA) LTD                          ,12/11/2013,,EXXI  ,ENERGY XXI (BERMUDA) LTD                          ,12/11/2013
F     ,FORD MOTOR COMPANY                                ,07/02/2010,,F     ,FORD MOTOR COMPANY                                ,07/02/2010
FAS   ,DIREXIONSHARES DAILY FINANCIAL BULL 3X SHARES     ,07/15/2010,,FAS   ,DIREXIONSHARES DAILY FINANCIAL BULL 3X SHARES     ,07/15/2010
FAZ   ,DIREXIONSHARES DAILY  FINANCIAL BEAR 3X SHARES    ,11/24/2010,,FAZ   ,DIREXIONSHARES DAILY  FINANCIAL BEAR 3X SHARES    ,11/24/2010
FB    ,FACEBOOK INC.                                     ,05/29/2012,,FB    ,FACEBOOK INC.                                     ,05/29/2012
FCX   ,FREEPORT-MCMORAN INC.                             ,02/17/2011,,FCX   ,FREEPORT-MCMORAN INC.                             ,02/17/2011
FDO   ,FAMILY DOLLAR STORES                              ,08/20/2014,,FDO   ,FAMILY DOLLAR STORES                              ,12/11/2013
FDX   ,FEDEX CORP                                        ,02/13/2013,,FDX   ,FEDEX CORP                                        ,02/13/2013
FEYE  ,FIREEYE INC.                                      ,03/10/2014,,FEYE  ,FIREEYE INC.                                      ,03/10/2014
FFIV  ,F5 NETWORKS  INC.                                 ,06/19/2012,,FFIV  ,F5 NETWORKS  INC.                                 ,06/19/2012
FLR   ,FLUOR CORP                                        ,12/11/2013,,FLR   ,FLUOR CORP                                        ,12/11/2013
FOSL  ,FOSSIL GROUP  INC.                                ,01/22/2014,,FOSL  ,FOSSIL GROUP  INC.                                ,01/22/2014
FSLR  ,FIRST SOLAR  INC.                                 ,08/04/2011,,FSLR  ,FIRST SOLAR  INC.                                 ,08/04/2011
FXE   ,CURRENCYSHARES EURO TRUST                         ,11/22/2011,,FXE   ,CURRENCYSHARES EURO TRUST                         ,11/22/2011
FXI   ,ISHARES CHINA LARGE-CAP ETF                       ,09/29/2011,,FXI   ,ISHARES CHINA LARGE-CAP ETF                       ,09/29/2011
FXY   ,CURRENCYSHARES JAPANESE YEN TRUST                 ,12/04/2013,,FXY   ,CURRENCYSHARES JAPANESE YEN TRUST                 ,12/04/2013
GALE  ,GALENA BIOPHARMA INC.                             ,03/17/2014,,GALE  ,GALENA BIOPHARMA INC.                             ,03/17/2014
GDX   ,THE MARKET VECTORS - GOLD MINERS ETF              ,07/02/2010,,GDX   ,THE MARKET VECTORS - GOLD MINERS ETF              ,07/02/2010
GDXJ  ,MARKET VECTORS JUNIOR GOLD MINERS ETF             ,09/04/2013,,GDXJ  ,MARKET VECTORS JUNIOR GOLD MINERS ETF             ,09/04/2013
GE    ,GENERAL ELECTRIC                                  ,07/29/2010,,GE    ,GENERAL ELECTRIC                                  ,07/29/2010
GG    ,GOLDCORP INC                                      ,04/29/2013,,GG    ,GOLDCORP INC                                      ,04/29/2013
GILD  ,GILEAD SCIENCES  INC.                             ,02/11/2013,,GILD  ,GILEAD SCIENCES  INC.                             ,02/11/2013
GLD   ,SPDR GOLD TRUST                                   ,06/18/2010,,GLD   ,SPDR GOLD TRUST                                   ,06/18/2010
GLD7  ,SPDR GOLD TRUST (10-SHARE MINI OPTION)            ,03/18/2013,,GLD7  ,SPDR GOLD TRUST (10-SHARE MINI OPTION)            ,03/18/2013
GLW   ,CORNING INCORPORATED                              ,09/04/2013,,GLW   ,CORNING INCORPORATED                              ,09/04/2013
GM    ,GENERAL MOTORS CO.                                ,12/02/2010,,GM    ,GENERAL MOTORS CO.                                ,12/02/2010
GMCR  ,KEURIG GREEN MOUNTAIN  INC.                       ,09/29/2011,,GMCR  ,KEURIG GREEN MOUNTAIN  INC.                       ,09/29/2011
GME   ,GAMESTOP CORP CL A (HOLDING CO)                   ,04/29/2013,,GME   ,GAMESTOP CORP CL A (HOLDING CO)                   ,04/29/2013
GNW   ,GENWORTH FINANCIAL  INC. (HOLDING COMPANY)        ,09/04/2013,,GNW   ,GENWORTH FINANCIAL  INC. (HOLDING COMPANY)        ,09/04/2013
GOOG  ,GOOGLE  INC CLASS C                               ,07/02/2010,,GOOG  ,GOOGLE  INC CLASS C                               ,07/02/2010
GOOGL ,GOOGLE  INC CLASS A                               ,04/03/2014,,GOOGL ,GOOGLE  INC CLASS A                               ,04/03/2014
GPRO  ,GOPRO INC                                         ,07/08/2014,,GPRO  ,GOPRO INC                                         ,07/08/2014
GPS   ,GAP INC                                           ,07/30/2012,,GPS   ,GAP INC                                           ,07/30/2012
GRPN  ,GROUPON INC                                       ,12/13/2011,,GRPN  ,GROUPON INC                                       ,12/13/2011
GS    ,GOLDMAN SACHS GROUP                               ,07/22/2010,,GS    ,GOLDMAN SACHS GROUP                               ,07/22/2010
GT    ,GOODYEAR T & R                                    ,12/04/2013,,GT    ,GOODYEAR T & R                                    ,12/04/2013
GTAT  ,GT ADVANCED TECHNOLOGIES  INC.                    ,07/02/2014,,GTAT  ,GT ADVANCED TECHNOLOGIES  INC.                    ,07/02/2014
GWPH  ,GW PHARMACEUTICALS PLC                            ,07/14/2014,,GWPH  ,GW PHARMACEUTICALS PLC                            ,07/14/2014
HAL   ,HALLIBURTON CO                                    ,07/14/2011,,HAL   ,HALLIBURTON CO                                    ,07/14/2011
HCA   ,HCA HOLDINGS  INC.                                ,12/11/2013,,HCA   ,HCA HOLDINGS  INC.                                ,12/11/2013
HD    ,HOME DEPOT INC                                    ,09/29/2011,,HD    ,HOME DEPOT INC                                    ,09/29/2011
HES   ,HESS CORPORATION                                  ,02/13/2013,,HES   ,HESS CORPORATION                                  ,02/13/2013
HFC   ,HOLLYFRONTIER CORPORATION                         ,12/18/2013,,HFC   ,HOLLYFRONTIER CORPORATION                         ,12/18/2013
HIG   ,HARTFORD FINANCIAL SERVICES                       ,06/09/2014,,HIG   ,HARTFORD FINANCIAL SERVICES                       ,06/09/2014
HLF   ,HERBALIFE LTD                                     ,07/25/2012,,HLF   ,HERBALIFE LTD                                     ,07/25/2012
HPQ   ,HEWLETT PACKARD                                   ,09/29/2011,,HPQ   ,HEWLETT PACKARD                                   ,09/29/2011
HUM   ,HUMANA                                            ,12/31/2013,,HUM   ,HUMANA                                            ,12/31/2013
HYG   ,ISHARES IBOXX $ HIGH YIELD CORPORATE BOND ETF     ,08/28/2013,,HYG   ,ISHARES IBOXX $ HIGH YIELD CORPORATE BOND ETF     ,08/28/2013
IBB   ,ISHARES NASDAQ BIOTECHNOLOGY ETF                  ,05/06/2014,,IBB   ,ISHARES NASDAQ BIOTECHNOLOGY ETF                  ,05/06/2014
IBM   ,INTL BUSINESS MACHINE                             ,10/28/2010,,IBM   ,INTL BUSINESS MACHINE                             ,10/28/2010
ICPT  ,INTERCEPT PHARMACEUTICALS  INC.                   ,01/22/2014,,ICPT  ,INTERCEPT PHARMACEUTICALS  INC.                   ,01/22/2014
INTC  ,INTEL CORPORATION                                 ,02/17/2011,,INTC  ,INTEL CORPORATION                                 ,02/17/2011
INVN  ,INVENSENSE  INC.                                  ,12/18/2013,,INVN  ,INVENSENSE  INC.                                  ,12/18/2013
IOC   ,INTEROIL CORPORATION                              ,07/25/2012,,IOC   ,INTEROIL CORPORATION                              ,07/25/2012
IP    ,INTL PAPER                                        ,04/16/2013,,IP    ,INTL PAPER                                        ,04/16/2013
ISIS  ,ISIS PHARMACEUTICALS                              ,06/09/2014,,ISIS  ,ISIS PHARMACEUTICALS                              ,06/09/2014
ISRG  ,INTUITIVE SURGICAL  INC.                          ,02/25/2013,,ISRG  ,INTUITIVE SURGICAL  INC.                          ,02/25/2013
ITB   ,ISHARES U.S. HOME CONSTRUCTION ETF                ,12/04/2013,,ITB   ,ISHARES U.S. HOME CONSTRUCTION ETF                ,12/04/2013
ITMN  ,INTERMUNE INC.                                    ,07/15/2014,,ITMN  ,INTERMUNE INC.                                    ,07/15/2014
IWM   ,ISHARES RUSSELL 2000 ETF                          ,06/18/2010,,IWM   ,ISHARES RUSSELL 2000 ETF                          ,06/18/2010
IYR   ,ISHARES U.S. REAL ESTATE ETF                      ,08/28/2013,,IYR   ,ISHARES U.S. REAL ESTATE ETF                      ,08/28/2013
JCP   ,J C PENNY                                         ,01/30/2012,,JCP   ,J C PENNY                                         ,01/30/2012
JD    ,JD.COM INC                                        ,06/25/2014,,JD    ,JD.COM INC                                        ,06/25/2014
JNJ   ,JOHNSON & JOHNSON                                 ,09/22/2011,,JNJ   ,JOHNSON & JOHNSON                                 ,09/22/2011
JNPR  ,JUNIPER NETWORKS INC.                             ,12/18/2013,,JNPR  ,JUNIPER NETWORKS INC.                             ,12/18/2013
JOY   ,JOY GLOBAL INC.                                   ,12/13/2011,,JOY   ,JOY GLOBAL INC.                                   ,12/13/2011
JPM   ,JPMORGAN CHASE & CO                               ,12/23/2010,,JPM   ,JPMORGAN CHASE & CO                               ,12/23/2010
KGC   ,KINROSS GOLD CORPORATION                          ,09/04/2013,,KGC   ,KINROSS GOLD CORPORATION                          ,09/04/2013
KO    ,COCA-COLA COMPANY                                 ,10/06/2011,,KO    ,COCA-COLA COMPANY                                 ,10/06/2011
KORS  ,MICHAEL KORS HOLDINGS LTD                         ,02/13/2013,,KORS  ,MICHAEL KORS HOLDINGS LTD                         ,02/13/2013
KRE   ,SPDR S&P REGIONAL BANKING ETF                     ,06/25/2014,,KRE   ,SPDR S&P REGIONAL BANKING ETF                     ,06/25/2014
KSU   ,KANSAS CITY SOUTHERN                              ,06/25/2014,,KSU   ,KANSAS CITY SOUTHERN                              ,06/25/2014
LLY   ,ELI LILLY & CO                                    ,02/13/2013,,LLY   ,ELI LILLY & CO                                    ,02/13/2013
LNG   ,CHENIERE ENERGY INC                               ,08/21/2013,,LNG   ,CHENIERE ENERGY INC                               ,08/21/2013
LNKD  ,LINKEDIN CORP.                                    ,11/21/2011,,LNKD  ,LINKEDIN CORP.                                    ,11/21/2011
LO    ,LORILLARD  INC.                                   ,07/14/2014,,LO    ,LORILLARD  INC.                                   ,07/14/2014
LULU  ,LULULEMON ATHLETICA INC.                          ,06/19/2012,,LULU  ,LULULEMON ATHLETICA INC.                          ,06/19/2012
LVS   ,LAS VEGAS SANDS CORP                              ,11/18/2010,,LVS   ,LAS VEGAS SANDS CORP                              ,11/18/2010
MA    ,MASTERCARD  INC. CLASS A                          ,09/29/2011,,MA    ,MASTERCARD  INC. CLASS A                          ,09/29/2011
MBI   ,MBIA INC.                                         ,09/04/2013,,MBI   ,MBIA INC.                                         ,09/04/2013
MCD   ,MCDONALDS CORP                                    ,10/06/2011,,MCD   ,MCDONALDS CORP                                    ,10/06/2011
MCP   ,MOLYCORP  INC.                                    ,03/03/2011,,MCP   ,MOLYCORP  INC.                                    ,03/03/2011
MDT   ,MEDTRONIC INC                                     ,12/11/2013,,MDT   ,MEDTRONIC INC                                     ,12/11/2013
MDY   ,SPDR S&P MIDCAP 400 ETF TRUST                     ,12/11/2013,,MDY   ,SPDR S&P MIDCAP 400 ETF TRUST                     ,12/11/2013
MET   ,METLIFE  INC.                                     ,08/27/2012,,MET   ,METLIFE  INC.                                     ,08/27/2012
MGM   ,MGM RESORTS INTERNATIONAL                         ,09/22/2011,,MGM   ,MGM RESORTS INTERNATIONAL                         ,09/22/2011
MMM   ,3M                                                ,10/06/2011,,MMM   ,3M                                                ,10/06/2011
MNK   ,MALLINCKRODT PLC                                  ,04/09/2014,,MNK   ,MALLINCKRODT PLC                                  ,04/09/2014
MNKD  ,MANNKIND CORPORATION                              ,07/15/2013,,MNKD  ,MANNKIND CORPORATION                              ,07/15/2013
MNST  ,MONSTER BEVERAGE CORPORATION                      ,04/09/2014,,MNST  ,MONSTER BEVERAGE CORPORATION                      ,04/09/2014
MO    ,ALTRIA GROUP  INC.                                ,01/07/2014,,MO    ,ALTRIA GROUP  INC.                                ,01/07/2014
MON   ,MONSANTO COMPANY (NEW)                            ,02/25/2013,,MON   ,MONSANTO COMPANY (NEW)                            ,02/25/2013
MOS   ,THE MOSAIC COMPANY (HOLDING COMPANY)              ,08/04/2011,,MOS   ,THE MOSAIC COMPANY (HOLDING COMPANY)              ,08/04/2011
MPC   ,MARATHON PETROLEUM CORPORATION                    ,12/04/2013,,MPC   ,MARATHON PETROLEUM CORPORATION                    ,12/04/2013
MPEL  ,MELCO CROWN ENTERTAINMENT LTD                     ,04/29/2013,,MPEL  ,MELCO CROWN ENTERTAINMENT LTD                     ,04/29/2013
MRK   ,MERCK & CO                                        ,02/13/2013,,MRK   ,MERCK & CO                                        ,02/13/2013
MRO   ,MARATHON OIL CORP                                 ,12/04/2013,,MRO   ,MARATHON OIL CORP                                 ,12/04/2013
MRVL  ,MARVELL TECHNOLOGY GROUP                          ,09/29/2011,,MRVL  ,MARVELL TECHNOLOGY GROUP                          ,09/29/2011
MS    ,MORGAN STANLEY                                    ,01/18/2012,,MS    ,MORGAN STANLEY                                    ,01/18/2012
MSFT  ,MICROSOFT CORPORATION                             ,08/05/2010,,MSFT  ,MICROSOFT CORPORATION                             ,08/05/2010
MTG   ,MGIC INVESTMENT CORPORATION                       ,09/04/2013,,MTG   ,MGIC INVESTMENT CORPORATION                       ,09/04/2013
MU    ,MICRON TECH                                       ,09/22/2011,,MU    ,MICRON TECH                                       ,09/22/2011
MYGN  ,MYRIAD GENETICS INC                               ,01/29/2014,,MYGN  ,MYRIAD GENETICS INC                               ,01/29/2014
NAV   ,NAVISTAR INTERNATIONAL CORP.                      ,09/04/2012,,NAV   ,NAVISTAR INTERNATIONAL CORP.                      ,09/04/2012
NBG   ,NATIONAL BANK OF GREECE S.A.                      ,01/07/2014,,NBG   ,NATIONAL BANK OF GREECE S.A.                      ,01/07/2014
NDX   ,NASDAQ 100 INDEX EURO/OPEN                        ,11/18/2010,,NDX   ,NASDAQ 100 INDEX EURO/OPEN                        ,11/18/2010
NE    ,NOBLE CORPORATION PLC                             ,09/04/2013,,NE    ,NOBLE CORPORATION PLC                             ,09/04/2013
NEM   ,NEWMONT MINING CO                                 ,09/29/2011,,NEM   ,NEWMONT MINING CO                                 ,09/29/2011
NFLX  ,NETFLIX INC                                       ,08/31/2010,,NFLX  ,NETFLIX INC                                       ,08/31/2010
NKE   ,NIKE INC. CLASS B                                 ,10/06/2011,,NKE   ,NIKE INC. CLASS B                                 ,10/06/2011
NLY   ,ANNALY CAPITAL MANAGEMENT INC                     ,09/04/2013,,NLY   ,ANNALY CAPITAL MANAGEMENT INC                     ,09/04/2013
NOK   ,NOKIA CORP                                        ,02/14/2012,,NOK   ,NOKIA CORP                                        ,02/14/2012
NOV   ,NATIONAL OILWELL VARCO  INC.                      ,12/18/2013,,NOV   ,NATIONAL OILWELL VARCO  INC.                      ,12/18/2013
NQ    ,NQ MOBILE INC.                                    ,05/20/2014,,NQ    ,NQ MOBILE INC.                                    ,05/20/2014
NSC   ,NORFOLK SOUTHERN CORP                             ,06/25/2014,,NSC   ,NORFOLK SOUTHERN CORP                             ,06/25/2014
NTAP  ,NETAPP INC                                        ,05/01/2012,,NTAP  ,NETAPP INC                                        ,05/01/2012
NUE   ,NUCOR CORPORATION                                 ,12/11/2013,,NUE   ,NUCOR CORPORATION                                 ,12/11/2013
NUGT  ,DIREXION DAILY GOLD MINERS BULL 3X SHARES         ,09/04/2013,,NUGT  ,DIREXION DAILY GOLD MINERS BULL 3X SHARES         ,09/04/2013
NUS   ,NU SKIN ENTERPRISES  INC                          ,01/22/2014,,NUS   ,NU SKIN ENTERPRISES  INC                          ,01/22/2014
NVDA  ,NVIDIA CORP.                                      ,03/03/2011,,NVDA  ,NVIDIA CORP.                                      ,03/03/2011
OIH   ,MARKET VECTORS OIL SERVICES ETF                   ,12/04/2013,,OIH   ,MARKET VECTORS OIL SERVICES ETF                   ,12/04/2013
ORCL  ,ORACLE SYSTEMS INC.                               ,07/14/2011,,ORCL  ,ORACLE SYSTEMS INC.                               ,07/14/2011
OUTR  ,OUTERWALL INC.                                    ,07/01/2014,,OUTR  ,OUTERWALL INC.                                    ,07/01/2014
OXY   ,OCCIDENTAL PETROLEUM                              ,12/13/2011,,OXY   ,OCCIDENTAL PETROLEUM                              ,12/13/2011
P     ,PANDORA MEDIA  INC.                               ,09/04/2013,,P     ,PANDORA MEDIA  INC.                               ,09/04/2013
PANW  ,PALO ALTO NETWORKS INC                            ,02/03/2014,,PANW  ,PALO ALTO NETWORKS INC                            ,02/03/2014
PBR   ,PETROLEO BRASILEIRO SA                            ,01/25/2012,,PBR   ,PETROLEO BRASILEIRO SA                            ,01/25/2012
PBYI  ,PUMA BIOTECHNOLOGY  INC.                          ,07/23/2014,,PBYI  ,PUMA BIOTECHNOLOGY  INC.                          ,07/23/2014
PCLN  ,THE PRICELINE GROUP INC.                          ,10/28/2010,,PCLN  ,THE PRICELINE GROUP INC.                          ,10/28/2010
PCYC  ,PHARMACYCLICS  INC.                               ,12/11/2013,,PCYC  ,PHARMACYCLICS  INC.                               ,12/11/2013
PEP   ,PEPSICO                                           ,06/25/2014,,PEP   ,PEPSICO                                           ,06/25/2014
PFE   ,PFIZER                                            ,12/14/2011,,PFE   ,PFIZER                                            ,12/14/2011
PG    ,PROCTER & GAMBLE                                  ,01/30/2012,,PG    ,PROCTER & GAMBLE                                  ,01/30/2012
PHM   ,PULTE GROUP  INC.                                 ,09/04/2013,,PHM   ,PULTE GROUP  INC.                                 ,09/04/2013
PLUG  ,PLUG POWER INC                                    ,03/12/2014,,PLUG  ,PLUG POWER INC                                    ,03/12/2014
PM    ,PHILIP MORRIS INTERNATIONAL  INC.                 ,02/13/2013,,PM    ,PHILIP MORRIS INTERNATIONAL  INC.                 ,02/13/2013
POT   ,POTASH CORP                                       ,12/02/2010,,POT   ,POTASH CORP                                       ,12/02/2010
PSX   ,PHILLIPS 66                                       ,04/16/2013,,PSX   ,PHILLIPS 66                                       ,04/16/2013
PXD   ,PIONEER NATURAL RESOURCES COS                     ,04/28/2014,,PXD   ,PIONEER NATURAL RESOURCES COS                     ,04/28/2014
QCOM  ,QUALCOMM INC.                                     ,08/04/2011,,QCOM  ,QUALCOMM INC.                                     ,08/04/2011
QCOR  ,QUESTCOR PHARMACEUTICALS CORPORATION INC          ,07/25/2012,,QCOR  ,QUESTCOR PHARMACEUTICALS CORPORATION INC          ,07/25/2012
QIHU  ,QIHOO 360 TECHNOLOGY CO LTD                       ,07/11/2013,,QIHU  ,QIHOO 360 TECHNOLOGY CO LTD                       ,07/11/2013
QLIK  ,QLIK TECHNOLOGIES  INC.                           ,12/04/2013,,QLIK  ,QLIK TECHNOLOGIES  INC.                           ,12/04/2013
QQQ   ,POWERSHARES QQQ TRUST                             ,06/18/2010,,QQQ   ,POWERSHARES QQQ TRUST                             ,06/18/2010
RAD   ,RITE AID CORPORATION                              ,11/25/2013,,RAD   ,RITE AID CORPORATION                              ,11/25/2013
RAX   ,RACKSPACE HOSTING  INC.                           ,03/10/2014,,RAX   ,RACKSPACE HOSTING  INC.                           ,03/10/2014
REGN  ,REGENERON PHARMACEUTICALS                         ,09/04/2013,,REGN  ,REGENERON PHARMACEUTICALS                         ,09/04/2013
RIG   ,TRANSOCEAN LTD                                    ,07/02/2014,,RIG   ,TRANSOCEAN LTD                                    ,07/02/2014
RSX   ,MARKET VECTORS RUSSIA ETF TRUST                   ,04/28/2014,,RSX   ,MARKET VECTORS RUSSIA ETF TRUST                   ,04/28/2014
RUT   ,RUSSELL 2000 OPEN/EURO INDEX                      ,03/03/2011,,RUT   ,RUSSELL 2000 OPEN/EURO INDEX                      ,03/03/2011
S     ,SPRINT CORPORATION                                ,07/22/2013,,S     ,SPRINT CORPORATION                                ,07/22/2013
SBUX  ,STARBUCKS CORP                                    ,04/16/2012,,SBUX  ,STARBUCKS CORP                                    ,04/16/2012
SCO   ,PROSHARES ULTRASHORT BLOOMBERG CRUDE OIL          ,12/11/2013,,SCO   ,PROSHARES ULTRASHORT BLOOMBERG CRUDE OIL          ,12/11/2013
SCTY  ,SOLARCITY CORPORATION                             ,07/15/2013,,SCTY  ,SOLARCITY CORPORATION                             ,07/15/2013
SDRL  ,SEADRILL LTD.                                     ,03/17/2014,,SDRL  ,SEADRILL LTD.                                     ,03/17/2014
SDS   ,PROSHARES ULTRASHORT S&P 500                      ,07/14/2011,,SDS   ,PROSHARES ULTRASHORT S&P 500                      ,07/14/2011
SFUN  ,SOUFUN HOLDINGS LTD                               ,07/02/2014,,SFUN  ,SOUFUN HOLDINGS LTD                               ,07/02/2014
SHLD  ,SEARS HOLDING CORPORATION                         ,07/02/2014,,SHLD  ,SEARS HOLDING CORPORATION                         ,07/02/2014
SINA  ,SINA CORPORATION                                  ,09/29/2011,,SINA  ,SINA CORPORATION                                  ,09/29/2011
SIRI  ,SIRIUS XM HOLDINGS INC.                           ,09/04/2013,,SIRI  ,SIRIUS XM HOLDINGS INC.                           ,09/04/2013
SLB   ,SCHLUMBERGER LTD                                  ,08/04/2011,,SLB   ,SCHLUMBERGER LTD                                  ,08/04/2011
SLV   ,ISHARES SILVER TRUST                              ,10/28/2010,,SLV   ,ISHARES SILVER TRUST                              ,10/28/2010
SLW   ,SILIVER WHEATON CORP                              ,04/21/2011,,SLW   ,SILIVER WHEATON CORP                              ,04/21/2011
SNDK  ,SANDISK CORP.                                     ,09/22/2011,,SNDK  ,SANDISK CORP.                                     ,09/22/2011
SNE   ,SONY CORPORATION                                  ,09/04/2013,,SNE   ,SONY CORPORATION                                  ,09/04/2013
SODA  ,SODASTREAM INTERNATIONAL LTD.                     ,06/24/2013,,SODA  ,SODASTREAM INTERNATIONAL LTD.                     ,06/24/2013
SPLK  ,SPLUNK  INC.                                      ,07/02/2014,,SPLK  ,SPLUNK  INC.                                      ,07/02/2014
SPWR  ,SUNPOWER CORPORATION                              ,12/18/2013,,SPWR  ,SUNPOWER CORPORATION                              ,12/18/2013
SPY   ,SPY OPTION                                        ,06/18/2010,,SPY   ,SPY OPTION                                        ,06/18/2010
SPY7  ,SPY OPTION (10 SHARE)                             ,03/18/2013,,SPY7  ,SPY OPTION (10 SHARE)                             ,03/18/2013
SRPT  ,SAREPTA THERAPEUTICS  INC.                        ,07/15/2013,,SRPT  ,SAREPTA THERAPEUTICS  INC.                        ,07/15/2013
SSO   ,PROSHARES ULTRA S&P 500                           ,09/29/2011,,SSO   ,PROSHARES ULTRA S&P 500                           ,09/29/2011
SSYS  ,STRATASYS INC.                                    ,03/17/2014,,SSYS  ,STRATASYS INC.                                    ,03/17/2014
STX   ,SEAGATE TECH PLC (IRL)                            ,02/14/2012,,STX   ,SEAGATE TECH PLC (IRL)                            ,02/14/2012
SU    ,SUNCOR ENERGY                                     ,03/03/2011,,SU    ,SUNCOR ENERGY                                     ,03/03/2011
SUNE  ,SUNEDISON  INC.                                   ,02/24/2014,,SUNE  ,SUNEDISON  INC.                                   ,02/24/2014
SVXY  ,PROSHARES SHORT VIX SHORT-TERM FUTURES            ,12/11/2013,,SVXY  ,PROSHARES SHORT VIX SHORT-TERM FUTURES            ,12/11/2013
SWKS  ,SKYWORKS SOLUTIONS  INC                           ,03/10/2014,,SWKS  ,SKYWORKS SOLUTIONS  INC                           ,03/10/2014
SWY   ,SAFEWAY  INC.                                     ,03/25/2014,,SWY   ,SAFEWAY  INC.                                     ,03/25/2014
T     ,AT & T INC                                        ,01/25/2012,,T     ,AT & T INC                                        ,01/25/2012
TAP   ,MOLSON COORS BREWING CO.                          ,08/19/2013,,TAP   ,MOLSON COORS BREWING CO.                          ,08/19/2013
TBT   ,PROSHARES ULTRASHORT 20+ YEAR TREASURY            ,03/31/2011,,TBT   ,PROSHARES ULTRASHORT 20+ YEAR TREASURY            ,03/31/2011
TEVA  ,TEVA PHARM. IND. INC.                             ,06/04/2014,,TEVA  ,TEVA PHARM. IND. INC.                             ,06/04/2014
TGT   ,TARGET CORPORATION                                ,02/13/2013,,TGT   ,TARGET CORPORATION                                ,02/13/2013
TLT   ,ISHARES 20+ YEAR TREASURY BOND ETF                ,07/14/2011,,TLT   ,ISHARES 20+ YEAR TREASURY BOND ETF                ,07/14/2011
TMUS  ,T-MOBILE US  INC.                                 ,09/04/2013,,TMUS  ,T-MOBILE US  INC.                                 ,09/04/2013
TNA   ,DIREXION  DAILY SMALL CAP BULL 3X SHARES          ,01/18/2012,,TNA   ,DIREXION  DAILY SMALL CAP BULL 3X SHARES          ,01/18/2012
TOL   ,TOLL BROTHERS INC                                 ,09/25/2013,,TOL   ,TOLL BROTHERS INC                                 ,09/25/2013
TRIP  ,TRIPADVISOR INC.                                  ,02/12/2014,,TRIP  ,TRIPADVISOR INC.                                  ,02/12/2014
TSLA  ,TESLA MOTORS INC                                  ,04/29/2013,,TSLA  ,TESLA MOTORS INC                                  ,04/29/2013
TSO   ,TESORO  CORP                                      ,03/12/2013,,TSO   ,TESORO  CORP                                      ,03/12/2013
TTM   ,TATA MOTORS LTD.                                  ,04/22/2014,,TTM   ,TATA MOTORS LTD.                                  ,04/22/2014
TWTR  ,TWITTER  INC.                                     ,11/14/2013,,TWTR  ,TWITTER  INC.                                     ,11/14/2013
TWX   ,TIME WARNER INC                                   ,07/21/2014,,TWX   ,TIME WARNER INC                                   ,07/21/2014
TXN   ,TEXAS INSTRUMENTS                                 ,04/22/2013,,TXN   ,TEXAS INSTRUMENTS                                 ,04/22/2013
TZA   ,DIREXION DAILY SMALL CAP BEAR 3X SHARES           ,06/16/2011,,TZA   ,DIREXION DAILY SMALL CAP BEAR 3X SHARES           ,06/16/2011
UA    ,UNDER ARMOR  INC CLASS A                          ,05/07/2013,,UA    ,UNDER ARMOR  INC CLASS A                          ,05/07/2013
UAL   ,UNITED CONTINENTAL HOLDINGS  INC                  ,07/22/2014,,UAL   ,UNITED CONTINENTAL HOLDINGS  INC                  ,07/22/2014
UCO   ,PROSHARES ULTRA BLOOMBERG CRUDE OIL               ,12/11/2013,,UCO   ,PROSHARES ULTRA BLOOMBERG CRUDE OIL               ,12/11/2013
UNG   ,UNITED STATES NATURAL GAS FUND                    ,02/17/2011,,UNG   ,UNITED STATES NATURAL GAS FUND                    ,02/17/2011
UNH   ,UNITEDHEALTH GROUP INC.                           ,05/29/2012,,UNH   ,UNITEDHEALTH GROUP INC.                           ,05/29/2012
UNP   ,UNION PACIFIC                                     ,04/16/2012,,UNP   ,UNION PACIFIC                                     ,04/16/2012
UPS   ,UNITED PARCEL SERVICES                            ,02/13/2013,,UPS   ,UNITED PARCEL SERVICES                            ,02/13/2013
URI   ,UNITED RENTALS  INC.                              ,06/09/2014,,URI   ,UNITED RENTALS  INC.                              ,06/09/2014
USB   ,U.S. BANCORP                                      ,09/04/2013,,USB   ,U.S. BANCORP                                      ,09/04/2013
USO   ,UNITED STATES OIL FUND                            ,12/02/2010,,USO   ,UNITED STATES OIL FUND                            ,12/02/2010
UTX   ,UNITED TECHNOLOGIES                               ,10/06/2011,,UTX   ,UNITED TECHNOLOGIES                               ,10/06/2011
UUP   ,POWERSHARES DB US DOLLAR INDEX BULLISH FUND       ,12/04/2013,,UUP   ,POWERSHARES DB US DOLLAR INDEX BULLISH FUND       ,12/04/2013
UVXY  ,PROSHARES ULTRA VIX SHORT-TERM FUTURES            ,05/21/2013,,UVXY  ,PROSHARES ULTRA VIX SHORT-TERM FUTURES            ,05/21/2013
V     ,VISA INC.                                         ,03/03/2011,,V     ,VISA INC.                                         ,03/03/2011
VALE  ,VALE  S.A.                                        ,02/25/2013,,VALE  ,VALE  S.A.                                        ,02/25/2013
VHC   ,VIRNETX HOLDING CORPORATION                       ,01/25/2012,,VHC   ,VIRNETX HOLDING CORPORATION                       ,01/25/2012
VIPS  ,VIPSHOP HOLDINGS LIMITED                          ,06/25/2014,,VIPS  ,VIPSHOP HOLDINGS LIMITED                          ,06/25/2014
VLO   ,VALERO ENERGY CORP.                               ,03/19/2013,,VLO   ,VALERO ENERGY CORP.                               ,03/19/2013
VMW   ,VMWARE INC.                                       ,04/29/2013,,VMW   ,VMWARE INC.                                       ,04/29/2013
VOD   ,VODAFONE GROUP PLC                                ,04/29/2013,,VOD   ,VODAFONE GROUP PLC                                ,04/29/2013
VRTX  ,VERTEX PHARMCTLS  INC.                            ,08/14/2013,,VRTX  ,VERTEX PHARMCTLS  INC.                            ,08/14/2013
VRX   ,VALEANT PHARMACEUTICALS INTL.                     ,05/27/2014,,VRX   ,VALEANT PHARMACEUTICALS INTL.                     ,05/27/2014
VVUS  ,VIVUS                                             ,05/21/2013,,VVUS  ,VIVUS                                             ,05/21/2013
VWO   ,VANGUARD FTSE EMERGING MARKETS ETF                ,09/04/2013,,VWO   ,VANGUARD FTSE EMERGING MARKETS ETF                ,09/04/2013
VXX   ,IPATH S&P 500 VIX SHORT-TERM FUTURES ETN          ,08/26/2010,,VXX   ,IPATH S&P 500 VIX SHORT-TERM FUTURES ETN          ,08/26/2010
VZ    ,VERIZON COMM                                      ,01/30/2012,,VZ    ,VERIZON COMM                                      ,01/30/2012
WAG   ,WALGREEN CO                                       ,02/13/2013,,WAG   ,WALGREEN CO                                       ,02/13/2013
WDAY  ,WORKDAY  INC.                                     ,06/25/2014,,WDAY  ,WORKDAY  INC.                                     ,06/25/2014
WDC   ,WESTERN DIGITAL CORP                              ,03/17/2014,,WDC   ,WESTERN DIGITAL CORP                              ,03/17/2014
WFC   ,WELLS FARGO & CO                                  ,03/31/2011,,WFC   ,WELLS FARGO & CO                                  ,03/31/2011
WFM   ,WHOLE FOODS MARKET INC                            ,02/13/2013,,WFM   ,WHOLE FOODS MARKET INC                            ,02/13/2013
WFT   ,WEATHERFORD INTERNATIONAL PLC                     ,12/04/2013,,WFT   ,WEATHERFORD INTERNATIONAL PLC                     ,12/04/2013
WLP   ,WELLPOINT  INC.                                   ,04/09/2014,,WLP   ,WELLPOINT  INC.                                   ,04/09/2014
WLT   ,WALTER ENERGY  INC.                               ,09/29/2011,,WLT   ,WALTER ENERGY  INC.                               ,09/29/2011
WMB   ,WILLIAMS COMPANIES                                ,09/29/2011,,WMB   ,WILLIAMS COMPANIES                                ,09/29/2011
WMT   ,WAL-MART STORES  INC.                             ,10/06/2011,,WMT   ,WAL-MART STORES  INC.                             ,10/06/2011
WYNN  ,WYNN RESORTS  LIMITED                             ,09/29/2011,,WYNN  ,WYNN RESORTS  LIMITED                             ,09/29/2011
X     ,UNITED STATES STEEL                               ,03/03/2011,,X     ,UNITED STATES STEEL                               ,03/03/2011
XHB   ,SPDR S&P HOMEBUILDERS ETF                         ,09/04/2013,,XHB   ,SPDR S&P HOMEBUILDERS ETF                         ,09/04/2013
XLB   ,MATERIALS SELECT SECTOR SPDR                      ,02/13/2012,,XLB   ,MATERIALS SELECT SECTOR SPDR                      ,02/13/2012
XLE   ,ENERGY SECTOR SPDR                                ,02/17/2011,,XLE   ,ENERGY SECTOR SPDR                                ,02/17/2011
XLF   ,FINANCIAL SECTOR SPDR                             ,06/25/2010,,XLF   ,FINANCIAL SECTOR SPDR                             ,06/25/2010
XLI   ,INDUSTRIAL SECTOR SPDR                            ,09/04/2013,,XLI   ,INDUSTRIAL SECTOR SPDR                            ,09/04/2013
XLK   ,TECHNOLOGY SECTOR SPDR                            ,08/28/2013,,XLK   ,TECHNOLOGY SECTOR SPDR                            ,08/28/2013
XLP   ,CONSUMER STAPLES SPDR                             ,08/21/2013,,XLP   ,CONSUMER STAPLES SPDR                             ,08/21/2013
XLU   ,UTILITIES SECTOR SPDR                             ,08/21/2013,,XLU   ,UTILITIES SECTOR SPDR                             ,08/21/2013
XLV   ,HEALTH CARE SELECT SECTOR SPDR                    ,09/04/2013,,XLV   ,HEALTH CARE SELECT SECTOR SPDR                    ,09/04/2013
XLY   ,CONSUMER DISCRETIONARY SELECT SECTOR SPDR         ,09/04/2013,,XLY   ,CONSUMER DISCRETIONARY SELECT SECTOR SPDR         ,09/04/2013
XME   ,SPDR S&P METALS & MINING ETF                      ,07/30/2012,,XME   ,SPDR S&P METALS & MINING ETF                      ,07/30/2012
XOM   ,EXXON MOBIL CORP                                  ,02/17/2011,,XOM   ,EXXON MOBIL CORP                                  ,02/17/2011
XOP   ,SPDR S&P OIL & GAS EXPLORATION & PRODUCTION ETF   ,05/21/2013,,XOP   ,SPDR S&P OIL & GAS EXPLORATION & PRODUCTION ETF   ,05/21/2013
XRT   ,SPDR S&P RETAIL ETF                               ,09/04/2013,,XRT   ,SPDR S&P RETAIL ETF                               ,09/04/2013
YELP  ,YELP INC                                          ,09/04/2013,,YELP  ,YELP INC                                          ,09/04/2013
YHOO  ,YAHOO INC                                         ,02/17/2011,,YHOO  ,YAHOO INC                                         ,02/17/2011
YNDX  ,YANDEX NV                                         ,12/11/2013,,YNDX  ,YANDEX NV                                         ,12/11/2013
YOKU  ,YOUKU TUDOU INC.                                  ,07/02/2014,,YOKU  ,YOUKU TUDOU INC.                                  ,07/02/2014
YUK   ,ISE FX YEN                                        ,12/31/2013,,YUK   ,ISE FX YEN                                        ,12/31/2013
YUM   ,YUM BRANDS  INC.                                  ,02/13/2013,,YUM   ,YUM BRANDS  INC.                                  ,02/13/2013
YY    ,YY INC                                            ,06/25/2014,,YY    ,YY INC                                            ,06/25/2014
Z     ,ZILLOW  INC.                                      ,09/04/2013,,Z     ,ZILLOW  INC.                                      ,09/04/2013
ZNGA  ,ZYNGA INC.                                        ,04/24/2012,,ZNGA  ,ZYNGA INC.                                        ,04/24/2012
ZTS   ,ZOETIS INC.                                       ,08/21/2013,,ZTS   ,ZOETIS INC.                                       ,08/21/2013
ZU    ,ZULILY  INC.                                      ,07/14/2014,,ZU    ,ZULILY  INC.                                      ,07/14/2014
